DATE,MATCH UP,MIN,PTS,FG,3PT,FT,REB,OREB,DREB,AST,STL,BLK,TO,PF,PLAYER,IMPACT
"Feb 01, 2026",@,18.8,18,8-24,1-12,1-1,11,2,9,3,1,2,2,3,Marina Mabrey,28.0
"Jan 30, 2026",@,21.3,47,18-28,10-15,1-1,3,0,3,2,0,0,0,2,Marina Mabrey,50.0
"Jan 26, 2026",@,19.3,21,8-20,1-9,3-4,8,0,8,1,1,0,4,1,Marina Mabrey,25.0
"Jan 24, 2026",@,21.6,18,7-19,2-10,1-1,5,0,5,5,1,0,3,4,Marina Mabrey,20.0
"Jan 19, 2026",@,20.6,31,10-22,6-12,3-3,9,1,8,2,1,0,2,4,Marina Mabrey,38.5
"Jan 17, 2026",@,23.1,27,10-21,4-12,2-3,10,0,10,8,0,0,1,4,Marina Mabrey,36.0
"Jan 12, 2026",@,21.8,26,10-23,4-11,1-2,6,0,6,6,0,0,8,6,Marina Mabrey,24.0
"Jan 10, 2026",@,20.8,32,9-21,5-11,4-4,6,2,4,7,0,0,8,3,Marina Mabrey,31.0
"Jan 05, 2026",@,22.6,21,8-25,1-12,3-3,8,2,6,9,0,0,3,1,Marina Mabrey,27.0
"Feb 09, 2026",@,19.2,17,7-15,1-5,1-1,4,2,2,5,1,0,5,3,Chelsea Gray,17.0
"Feb 07, 2026",@,26.3,24,9-19,2-7,2-2,7,0,7,8,4,0,2,3,Chelsea Gray,29.0
"Feb 01, 2026",@,20.0,11,5-17,1-4,0-0,7,1,6,6,0,1,0,2,Chelsea Gray,18.5
"Jan 30, 2026",@,23.5,21,8-18,3-9,1-1,8,1,7,9,1,0,2,2,Chelsea Gray,27.5
"Jan 25, 2026",@,25.2,34,14-21,3-7,2-2,7,1,6,8,2,1,1,3,Chelsea Gray,40.5
"Jan 23, 2026",@,22.7,16,6-15,0-4,2-2,6,1,5,9,0,1,3,2,Chelsea Gray,19.5
"Jan 18, 2026",@,20.5,22,6-16,3-7,4-4,6,2,4,4,2,1,6,2,Chelsea Gray,23.0
"Jan 16, 2026",@,22.4,36,10-17,6-9,5-5,1,0,1,7,2,0,1,1,Chelsea Gray,36.0
"Jan 11, 2026",@,22.1,37,12-20,7-9,2-2,5,1,4,4,1,0,3,3,Chelsea Gray,39.5
"Jan 09, 2026",@,21.8,23,7-15,4-7,2-2,5,0,5,5,1,1,3,3,Chelsea Gray,25.0
"Jan 05, 2026",@,21.5,35,14-20,5-10,1-2,5,0,5,8,3,0,2,2,Chelsea Gray,38.0
"Feb 06, 2026",@,21.9,28,13-23,0-4,2-2,7,0,7,5,1,0,3,4,Paige Bueckers,32.0
"Feb 01, 2026",@,20.0,32,14-22,2-4,2-3,2,0,2,11,2,0,0,2,Paige Bueckers,34.0
"Jan 30, 2026",@,21.5,23,9-13,0-1,3-3,2,0,2,6,2,0,4,4,Paige Bueckers,21.0
"Jan 26, 2026",@,21.3,22,7-16,2-5,3-3,6,0,6,4,1,2,0,4,Paige Bueckers,28.0
"Jan 24, 2026",@,22.4,28,10-17,1-2,4-6,5,1,4,7,2,0,5,3,Paige Bueckers,28.5
"Jan 19, 2026",@,20.4,37,14-19,5-8,2-2,8,0,8,5,0,1,1,3,Paige Bueckers,44.0
"Jan 17, 2026",@,20.3,25,9-20,3-5,3-3,9,1,8,7,0,0,3,4,Paige Bueckers,31.5
"Jan 11, 2026",@,21.3,15,6-14,1-4,2-2,9,1,8,10,1,0,4,3,Paige Bueckers,20.5
"Jan 09, 2026",@,17.3,16,7-14,0-3,1-1,10,2,8,6,0,1,4,1,Paige Bueckers,23.0
"Jan 05, 2026",@,19.8,24,7-15,1-2,5-5,5,0,5,6,0,2,0,1,Paige Bueckers,29.0
"Feb 09, 2026",@,19.1,30,10-20,2-7,4-5,4,1,3,5,1,0,1,3,Kelsey Plum,33.5
"Feb 07, 2026",@,21.4,28,9-15,5-9,3-3,6,2,4,7,0,0,1,4,Kelsey Plum,34.0
"Feb 01, 2026",@,19.4,18,6-15,2-5,3-3,9,1,8,7,0,0,3,5,Kelsey Plum,24.5
"Jan 30, 2026",@,20.6,22,7-15,2-6,3-3,4,1,3,4,0,1,3,3,Kelsey Plum,23.5
"Jan 25, 2026",@,16.9,17,6-13,3-7,2-2,2,0,2,5,0,0,0,2,Kelsey Plum,19.0
"Jan 23, 2026",@,19.6,18,7-18,2-7,2-2,3,1,2,3,0,0,0,2,Kelsey Plum,21.5
"Jan 18, 2026",@,18.3,20,9-17,2-5,0-0,5,0,5,6,2,0,1,2,Kelsey Plum,24.0
"Jan 16, 2026",@,18.5,25,9-17,3-7,2-2,6,0,6,7,0,0,2,3,Kelsey Plum,29.0
"Jan 12, 2026",@,15.9,18,8-18,2-7,0-0,7,3,4,2,0,0,2,3,Kelsey Plum,24.5
"Jan 10, 2026",@,19.6,38,16-22,4-8,1-1,8,0,8,11,1,0,2,4,Kelsey Plum,44.0
"Jan 05, 2026",@,16.2,12,5-17,2-10,0-0,5,1,4,4,0,0,1,4,Kelsey Plum,16.5
"Feb 06, 2026",@,20.9,28,11-17,0-0,3-4,18,5,13,1,1,0,7,4,Aaliyah Edwards,41.5
"Jan 26, 2026",@,18.6,18,7-12,0-0,2-2,14,5,9,2,0,1,2,3,Aaliyah Edwards,32.5
"Jan 24, 2026",@,16.4,23,9-13,0-0,3-4,16,6,10,4,1,0,4,6,Aaliyah Edwards,38.0
"Jan 19, 2026",@,21.5,13,6-16,1-1,0-1,18,6,12,3,2,3,5,5,Aaliyah Edwards,29.0
"Jan 17, 2026",@,19.1,22,9-12,0-0,2-2,7,4,3,3,1,0,4,4,Aaliyah Edwards,27.0
"Jan 12, 2026",@,21.0,38,16-19,0-0,4-6,13,3,10,1,0,0,3,2,Aaliyah Edwards,49.5
"Jan 10, 2026",@,19.3,13,6-20,0-1,1-3,11,3,8,1,1,0,0,2,Aaliyah Edwards,25.5
"Jan 05, 2026",@,18.4,23,10-19,0-0,2-2,12,3,9,0,1,0,5,3,Aaliyah Edwards,31.5
"Feb 09, 2026",@,14.1,19,7-10,3-5,1-1,4,0,4,3,2,0,2,2,Allisha Gray,21.0
"Feb 07, 2026",@,14.8,7,1-11,0-4,3-3,3,1,2,2,0,0,1,2,Allisha Gray,9.5
"Feb 02, 2026",@,14.3,7,2-11,1-7,1-1,4,0,4,2,0,0,3,2,Allisha Gray,8.0
"Jan 31, 2026",@,13.3,17,5-11,1-2,4-4,2,0,2,2,1,2,1,1,Allisha Gray,18.0
"Jan 25, 2026",@,18.8,27,10-21,3-10,2-2,5,1,4,3,1,0,3,2,Allisha Gray,29.5
"Jan 23, 2026",@,18.1,28,10-19,5-11,1-2,1,0,1,3,2,2,0,1,Allisha Gray,29.0
"Jan 19, 2026",@,18.7,20,7-24,3-11,1-2,4,2,2,2,2,2,1,4,Allisha Gray,24.0
"Jan 17, 2026",@,20.1,30,11-18,2-4,3-3,8,2,6,4,1,1,3,3,Allisha Gray,36.0
"Jan 12, 2026",@,12.2,16,6-10,2-4,1-1,3,0,3,6,0,1,0,0,Allisha Gray,19.0
"Jan 10, 2026",@,15.3,28,9-18,3-10,3-4,4,1,3,3,0,0,1,2,Allisha Gray,31.5
"Jan 05, 2026",@,13.0,21,7-15,2-4,3-4,9,2,7,3,2,0,3,1,Allisha Gray,28.0
"Feb 09, 2026",@,20.8,33,14-22,3-8,1-1,16,3,13,4,1,4,0,2,Aliyah Boston,50.5
"Feb 07, 2026",@,18.1,18,7-13,2-5,1-1,8,1,7,4,1,2,0,2,Aliyah Boston,26.5
"Feb 01, 2026",@,18.9,18,8-13,0-0,1-3,11,2,9,3,1,1,1,4,Aliyah Boston,29.0
"Jan 30, 2026",@,20.2,18,7-15,2-5,2-2,8,1,7,4,1,2,1,3,Aliyah Boston,25.5
"Jan 25, 2026",@,20.1,17,7-19,1-4,1-3,16,4,12,0,0,2,1,1,Aliyah Boston,34.0
"Jan 23, 2026",@,15.6,21,8-17,1-6,2-2,11,2,9,2,0,1,2,6,Aliyah Boston,31.0
"Jan 18, 2026",@,16.8,22,10-17,0-2,1-1,6,2,4,2,2,4,0,1,Aliyah Boston,29.0
"Jan 16, 2026",@,20.6,23,9-16,1-3,2-2,6,1,5,1,2,2,2,5,Aliyah Boston,27.5
"Jan 12, 2026",@,12.8,10,4-11,0-0,1-1,12,5,7,2,1,0,2,1,Aliyah Boston,22.5
"Jan 10, 2026",@,16.8,21,9-13,3-5,0-0,10,1,9,5,3,3,2,3,Aliyah Boston,29.5
"Jan 05, 2026",@,18.0,18,9-15,0-2,0-0,7,0,7,3,1,1,3,5,Aliyah Boston,22.0
"Feb 09, 2026",@,16.6,16,5-10,1-3,3-3,11,0,11,4,0,0,3,1,Breanna Stewart,24.0
"Feb 07, 2026",@,19.9,28,9-19,0-3,5-6,10,1,9,2,1,0,0,4,Breanna Stewart,38.5
"Feb 02, 2026",@,18.6,16,6-14,2-6,1-2,9,1,8,4,1,0,3,1,Breanna Stewart,22.5
"Jan 31, 2026",@,13.7,19,7-13,0-3,3-3,9,1,8,3,1,1,3,2,Breanna Stewart,25.5
"Jan 25, 2026",@,16.6,21,8-13,2-4,2-2,11,3,8,2,2,2,2,2,Breanna Stewart,31.5
"Jan 23, 2026",@,15.1,19,9-13,1-1,0-1,11,0,11,4,0,0,2,0,Breanna Stewart,28.0
"Jan 19, 2026",@,19.1,26,8-22,3-5,5-5,11,4,7,2,2,0,1,2,Breanna Stewart,38.0
"Jan 17, 2026",@,16.2,21,9-15,1-5,1-1,8,1,7,3,2,0,2,1,Breanna Stewart,27.5
"Jan 12, 2026",@,17.6,17,7-20,0-3,2-2,8,2,6,2,1,2,0,1,Breanna Stewart,26.0
"Jan 10, 2026",@,19.1,22,8-18,0-4,3-3,10,1,9,4,1,0,4,4,Breanna Stewart,28.5
"Jan 05, 2026",@,12.0,12,5-10,0-3,1-2,5,1,4,0,0,1,1,2,Breanna Stewart,16.5
"Feb 09, 2026",@,17.4,12,4-11,2-5,1-2,7,0,7,2,0,1,1,4,Kahleah Copper,18.0
"Feb 07, 2026",@,18.7,26,10-19,2-6,3-3,4,0,4,0,0,0,1,4,Kahleah Copper,29.0
"Feb 01, 2026",@,18.1,15,5-13,1-4,2-2,6,2,4,1,0,0,0,2,Kahleah Copper,22.0
"Jan 30, 2026",@,18.7,19,6-14,4-6,1-2,4,1,3,0,1,0,1,4,Kahleah Copper,22.5
"Jan 25, 2026",@,19.1,28,11-19,2-7,2-2,4,1,3,0,0,2,0,4,Kahleah Copper,32.5
"Jan 23, 2026",@,19.9,22,9-18,4-7,0-0,3,0,3,1,0,0,1,3,Kahleah Copper,24.0
"Jan 18, 2026",@,16.9,21,9-18,2-7,1-1,3,0,3,0,0,0,0,3,Kahleah Copper,24.0
"Jan 16, 2026",@,15.3,11,5-13,1-3,0-2,8,3,5,2,0,0,1,5,Kahleah Copper,19.5
"Feb 06, 2026",@,19.5,22,8-13,2-4,2-3,4,0,4,3,2,0,3,5,Brittney Sykes,23.0
"Feb 02, 2026",@,11.3,12,5-12,0-2,1-1,6,0,6,1,0,0,3,4,Brittney Sykes,15.0
"Jan 31, 2026",@,13.5,10,3-10,2-5,1-1,1,0,1,2,2,0,3,3,Brittney Sykes,8.0
"Jan 26, 2026",@,23.9,29,12-26,3-8,1-2,4,0,4,4,0,1,2,5,Brittney Sykes,31.0
"Jan 24, 2026",@,12.3,14,5-9,2-4,1-2,6,0,6,1,0,0,1,1,Brittney Sykes,19.0
"Jan 18, 2026",@,16.1,12,4-11,1-5,2-2,0,0,0,1,1,1,0,4,Brittney Sykes,12.0
"Jan 16, 2026",@,15.0,17,6-14,3-5,1-1,2,0,2,2,2,1,3,3,Brittney Sykes,16.0
"Jan 12, 2026",@,13.9,25,9-16,2-6,3-4,7,2,5,2,5,0,1,2,Brittney Sykes,32.0
"Jan 10, 2026",@,15.6,29,9-17,5-7,3-3,1,0,1,1,3,0,3,3,Brittney Sykes,27.0
"Jan 05, 2026",@,13.3,19,8-17,2-6,1-2,7,2,5,0,1,0,1,2,Brittney Sykes,26.0
"Feb 09, 2026",@,11.0,14,6-10,0-1,1-2,3,1,2,2,2,0,1,2,Dearica Hamby,16.5
"Feb 07, 2026",@,18.0,27,11-17,0-1,3-5,9,1,8,1,1,0,0,4,Dearica Hamby,36.5
"Feb 02, 2026",@,12.8,14,7-13,0-0,0-2,8,3,5,1,0,0,1,4,Dearica Hamby,22.5
"Jan 31, 2026",@,13.3,13,6-8,1-1,0-1,11,2,9,0,0,0,2,2,Dearica Hamby,23.0
"Jan 25, 2026",@,12.8,16,7-13,0-2,1-3,6,1,5,1,1,0,1,1,Dearica Hamby,21.5
"Jan 23, 2026",@,16.4,26,7-12,0-1,6-6,6,1,5,0,1,0,0,4,Dearica Hamby,32.5
"Jan 19, 2026",@,16.3,8,4-10,0-1,0-2,5,0,5,0,0,0,2,5,Dearica Hamby,11.0
"Jan 17, 2026",@,14.3,21,8-18,1-4,2-2,6,1,5,1,2,0,0,4,Dearica Hamby,27.5
"Jan 11, 2026",@,18.3,40,16-22,0-1,5-6,10,4,6,2,0,0,1,3,Dearica Hamby,51.0
"Jan 09, 2026",@,17.8,19,8-15,1-2,1-3,11,3,8,1,1,0,2,4,Dearica Hamby,29.5
"Jan 05, 2026",@,18.2,8,4-10,0-1,0-0,11,2,9,1,1,0,1,2,Dearica Hamby,19.0
"Feb 09, 2026",@,22.3,22,7-14,4-8,2-2,7,0,7,3,2,1,4,3,Rhyne Howard,25.0
"Feb 07, 2026",@,18.5,10,1-15,0-8,4-4,1,0,1,2,1,2,0,0,Rhyne Howard,11.0
"Feb 02, 2026",@,19.0,10,3-10,0-4,2-2,6,2,4,7,0,0,1,2,Rhyne Howard,16.0
"Jan 31, 2026",@,21.3,10,4-11,2-8,0-0,4,0,4,5,1,0,1,2,Rhyne Howard,13.0
"Jan 25, 2026",@,23.9,14,5-13,2-7,1-2,9,3,6,4,2,0,1,2,Rhyne Howard,23.5
"Jan 23, 2026",@,23.4,20,8-17,3-6,1-2,3,0,3,2,0,0,1,2,Rhyne Howard,22.0
"Jan 19, 2026",@,21.4,20,8-20,2-8,2-2,5,0,5,1,2,2,0,4,Rhyne Howard,25.0
"Jan 17, 2026",@,18.8,30,10-18,6-11,3-4,6,0,6,3,4,0,3,2,Rhyne Howard,33.0
"Jan 11, 2026",@,20.1,18,6-14,6-8,0-0,5,1,4,4,0,3,2,4,Rhyne Howard,21.5
"Jan 09, 2026",@,22.0,28,10-16,6-11,1-1,4,0,4,1,2,0,1,2,Rhyne Howard,31.0
"Jan 05, 2026",@,16.6,10,3-15,2-10,1-1,3,0,3,1,1,0,2,3,Rhyne Howard,11.0
"Feb 06, 2026",@,22.1,22,10-19,2-5,0-2,6,2,4,1,1,0,0,4,Kelsey Mitchell,29.0
"Feb 02, 2026",@,19.1,16,6-15,3-6,1-1,2,0,2,1,1,1,1,2,Kelsey Mitchell,17.0
"Jan 31, 2026",@,16.9,25,10-15,5-7,0-0,4,0,4,2,0,1,0,1,Kelsey Mitchell,29.0
"Jan 26, 2026",@,19.7,17,7-15,3-7,0-1,1,1,0,5,1,0,3,3,Kelsey Mitchell,15.5
"Jan 24, 2026",@,13.8,13,6-13,1-5,0-0,3,0,3,1,1,0,0,3,Kelsey Mitchell,16.0
"Jan 18, 2026",@,19.0,17,7-12,1-4,1-1,3,0,3,8,1,0,2,2,Kelsey Mitchell,18.0
"Jan 16, 2026",@,16.3,24,11-17,2-4,0-1,3,2,1,0,1,0,0,5,Kelsey Mitchell,28.0
"Jan 11, 2026",@,18.7,15,6-13,0-3,2-2,2,0,2,2,1,0,2,1,Kelsey Mitchell,15.0
"Jan 09, 2026",@,17.7,14,7-11,0-3,0-0,2,1,1,1,1,0,0,2,Kelsey Mitchell,16.5
"Jan 05, 2026",@,15.8,11,4-13,1-4,1-1,4,0,4,0,2,0,2,2,Kelsey Mitchell,13.0
"Feb 06, 2026",@,18.8,17,8-16,1-5,0-0,4,1,3,4,0,1,1,2,Sonia Citron,20.5
"Feb 02, 2026",@,20.7,32,12-18,4-7,2-2,4,0,4,5,1,2,0,2,Sonia Citron,36.0
"Jan 31, 2026",@,20.0,17,8-16,1-6,0-0,4,0,4,5,0,2,1,4,Sonia Citron,20.0
"Jan 26, 2026",@,16.8,14,5-11,0-2,2-3,4,1,3,1,1,2,2,5,Sonia Citron,16.5
"Jan 24, 2026",@,19.9,14,6-16,1-5,1-1,3,0,3,2,2,0,0,3,Sonia Citron,17.0
"Jan 18, 2026",@,15.1,15,6-12,1-3,1-1,9,0,9,2,0,2,3,4,Sonia Citron,21.0
"Jan 16, 2026",@,14.2,14,5-11,2-6,1-1,2,0,2,3,0,1,1,2,Sonia Citron,15.0
"Jan 11, 2026",@,15.4,17,6-11,1-5,2-2,4,1,3,4,1,1,2,1,Sonia Citron,19.5
"Jan 09, 2026",@,16.8,16,7-16,0-5,1-1,3,0,3,2,3,0,1,3,Sonia Citron,18.0
"Jan 05, 2026",@,15.5,10,3-12,0-3,2-3,6,0,6,2,0,1,2,4,Sonia Citron,14.0
"Feb 09, 2026",@,22.2,19,8-15,0-1,2-3,10,2,8,1,1,1,2,1,Shakira Austin,28.0
"Feb 07, 2026",@,25.2,22,9-14,0-1,2-2,18,3,15,1,0,5,5,7,Shakira Austin,36.5
"Feb 01, 2026",@,19.2,21,9-17,0-1,2-5,7,0,7,2,0,1,3,1,Shakira Austin,25.0
"Jan 30, 2026",@,21.9,31,11-15,0-0,5-6,11,2,9,2,0,2,1,2,Shakira Austin,42.0
"Jan 25, 2026",@,17.3,12,6-10,0-0,0-0,6,2,4,0,0,0,1,2,Shakira Austin,18.0
"Jan 23, 2026",@,19.6,29,12-20,0-2,4-4,10,0,10,1,1,0,2,1,Shakira Austin,37.0
"Jan 18, 2026",@,5.7,0,0-4,0-0,0-2,3,1,2,3,0,0,0,2,Shakira Austin,3.5
"Jan 16, 2026",@,7.9,4,1-4,0-0,1-3,6,3,3,2,0,0,1,1,Shakira Austin,10.5
"Jan 11, 2026",@,12.6,17,8-12,0-0,1-3,8,1,7,0,1,0,3,4,Shakira Austin,22.5
"Jan 09, 2026",@,15.3,14,5-10,0-1,2-3,10,1,9,1,0,1,1,1,Shakira Austin,23.5
"Jan 05, 2026",@,14.8,12,3-7,0-0,3-3,6,1,5,0,1,1,1,5,Shakira Austin,17.5
"Feb 06, 2026",@,19.4,13,5-17,1-6,1-1,4,1,3,2,1,0,2,2,Jackie Young,15.5
"Feb 02, 2026",@,19.3,16,6-17,2-6,1-1,3,0,3,4,1,1,2,2,Jackie Young,17.0
"Jan 31, 2026",@,11.5,17,7-13,2-6,1-1,3,0,3,3,0,0,2,3,Jackie Young,18.0
"Jan 26, 2026",@,8.8,5,2-5,1-2,0-0,5,0,5,4,2,0,0,0,Jackie Young,10.0
"Jan 24, 2026",@,14.7,12,4-10,0-4,2-2,5,1,4,9,0,0,3,2,Jackie Young,14.5
"Jan 18, 2026",@,17.9,35,13-19,4-7,3-3,1,0,1,3,1,0,3,4,Jackie Young,33.0
"Jan 16, 2026",@,16.5,17,6-10,1-4,3-3,4,1,3,2,0,0,2,3,Jackie Young,19.5
"Jan 12, 2026",@,14.2,22,7-17,2-6,3-3,3,3,0,3,0,0,1,0,Jackie Young,25.5
"Jan 10, 2026",@,16.1,12,4-9,2-5,1-1,5,1,4,8,2,0,1,2,Jackie Young,16.5
"Jan 05, 2026",@,12.7,15,6-14,2-4,1-2,5,2,3,1,1,1,1,3,Jackie Young,20.0
"Feb 06, 2026",@,16.2,15,5-13,3-6,1-1,11,0,11,4,0,0,2,2,Rickea Jackson,24.0
"Feb 01, 2026",@,22.1,20,9-16,0-4,1-2,9,0,9,1,0,0,0,3,Rickea Jackson,29.0
"Jan 30, 2026",@,20.4,20,6-16,2-5,3-3,5,0,5,4,1,1,0,3,Rickea Jackson,25.0
"Jan 24, 2026",@,21.0,10,5-17,0-1,0-1,13,6,7,5,1,0,4,3,Rickea Jackson,22.0
"Jan 19, 2026",@,18.2,10,3-11,1-4,2-2,2,0,2,7,1,0,2,3,Rickea Jackson,10.0
"Jan 17, 2026",@,18.6,13,3-8,1-3,3-3,4,0,4,1,0,0,2,1,Rickea Jackson,15.0
"Jan 11, 2026",@,19.7,20,8-16,4-6,0-1,4,0,4,4,1,1,2,0,Rickea Jackson,22.0
"Jan 09, 2026",@,20.7,16,5-13,0-1,3-3,6,2,4,2,1,0,3,2,Rickea Jackson,20.0
"Jan 05, 2026",@,18.2,16,7-16,0-3,1-1,5,0,5,1,0,1,0,3,Rickea Jackson,21.0
"Feb 06, 2026",@,17.9,16,5-17,2-9,2-3,4,1,3,4,0,2,3,6,Skylar Diggins,17.5
"Feb 01, 2026",@,21.1,18,8-21,2-5,0-0,6,2,4,4,0,0,3,2,Skylar Diggins,22.0
"Jan 30, 2026",@,19.6,16,7-16,0-4,1-1,3,2,1,8,2,1,1,3,Skylar Diggins,19.0
"Jan 26, 2026",@,17.0,27,9-18,0-3,5-5,3,1,2,2,0,3,0,4,Skylar Diggins,30.5
"Jan 24, 2026",@,15.1,17,4-14,2-6,4-5,4,2,2,4,3,2,0,5,Skylar Diggins,22.0
"Jan 19, 2026",@,14.5,9,3-12,0-4,2-2,2,1,1,3,1,0,2,2,Skylar Diggins,9.5
"Jan 17, 2026",@,8.2,5,2-8,0-3,1-2,2,0,2,0,0,0,3,2,Skylar Diggins,4.0
"Feb 06, 2026",@,14.6,8,4-10,0-1,0-1,7,3,4,1,1,0,0,4,Dominique Malonga,16.5
"Feb 01, 2026",@,15.0,18,8-14,0-1,1-1,11,0,11,1,1,0,0,4,Dominique Malonga,29.0
"Jan 30, 2026",@,13.9,10,5-9,0-1,0-1,12,1,11,1,0,0,2,5,Dominique Malonga,20.5
"Jan 26, 2026",@,16.6,18,8-13,1-2,1-1,11,1,10,2,0,2,3,2,Dominique Malonga,26.5
"Jan 24, 2026",@,13.4,21,9-16,1-2,1-1,8,3,5,0,1,1,1,2,Dominique Malonga,29.5
"Jan 19, 2026",@,11.8,16,5-12,0-1,3-3,16,5,11,1,0,3,1,4,Dominique Malonga,33.5
"Jan 17, 2026",@,14.7,13,6-13,1-3,0-1,9,2,7,1,1,1,5,1,Dominique Malonga,18.0
"Jan 11, 2026",@,12.5,20,9-14,0-1,1-1,5,1,4,0,0,1,4,1,Dominique Malonga,21.5
"Jan 09, 2026",@,15.4,15,5-13,0-1,3-3,13,3,10,1,0,1,3,1,Dominique Malonga,26.5
"Jan 05, 2026",@,18.7,15,6-10,1-2,1-1,14,5,9,0,0,0,5,1,Dominique Malonga,26.5
"Feb 09, 2026",@,15.3,29,11-23,5-14,1-1,4,2,2,2,0,0,0,3,Arike Ogunbowale,34.0
"Feb 07, 2026",@,10.4,6,2-5,0-1,1-1,3,1,2,1,0,0,2,0,Arike Ogunbowale,7.5
"Feb 02, 2026",@,9.9,17,5-14,3-7,2-2,3,1,2,1,4,0,2,4,Arike Ogunbowale,18.5
"Jan 31, 2026",@,13.4,18,7-17,1-4,2-2,6,1,5,4,1,0,0,1,Arike Ogunbowale,24.5
"Jan 25, 2026",@,11.2,18,7-12,2-4,1-1,2,0,2,1,0,1,1,2,Arike Ogunbowale,19.0
"Jan 23, 2026",@,12.0,21,8-12,3-4,1-2,3,1,2,3,1,0,2,1,Arike Ogunbowale,22.5
"Jan 19, 2026",@,14.5,12,5-15,2-8,0-0,1,1,0,0,1,0,1,3,Arike Ogunbowale,12.5
"Jan 17, 2026",@,16.5,2,1-11,0-3,0-0,3,1,2,5,2,0,0,2,Arike Ogunbowale,5.5
"Jan 12, 2026",@,13.3,16,6-11,2-5,1-1,3,1,2,2,3,0,3,1,Arike Ogunbowale,16.5
"Jan 10, 2026",@,10.8,8,3-7,2-5,0-1,2,1,1,1,0,0,3,3,Arike Ogunbowale,7.5
"Jan 05, 2026",@,16.6,12,5-15,2-7,0-1,3,0,3,3,1,0,1,4,Arike Ogunbowale,14.0
"Feb 06, 2026",@,19.4,15,6-12,0-1,2-3,17,2,15,3,2,2,3,2,Monique Billings,30.0
"Feb 02, 2026",@,19.3,23,9-15,0-2,3-3,15,2,13,2,0,0,2,2,Monique Billings,37.0
"Jan 31, 2026",@,16.2,14,5-13,2-3,1-1,14,3,11,4,0,1,3,2,Monique Billings,26.5
"Jan 26, 2026",@,15.0,16,5-13,0-1,3-3,14,3,11,0,2,0,1,3,Monique Billings,30.5
"Jan 24, 2026",@,10.2,7,3-8,1-2,0-0,5,1,4,1,2,0,1,2,Monique Billings,11.5
"Jan 18, 2026",@,11.9,15,6-14,0-3,2-3,10,2,8,0,0,0,3,3,Monique Billings,23.0
"Jan 16, 2026",@,11.2,12,5-10,0-0,1-1,12,3,9,0,1,0,1,2,Monique Billings,24.5
"Jan 11, 2026",@,12.7,17,7-11,1-1,1-2,6,1,5,0,2,0,1,2,Monique Billings,22.5
"Jan 09, 2026",@,9.8,10,4-10,0-1,1-1,6,2,4,0,0,0,2,4,Monique Billings,15.0
"Jan 05, 2026",@,13.3,16,5-13,0-1,3-3,10,4,6,1,0,2,1,3,Monique Billings,27.0
"Feb 06, 2026",@,13.7,10,5-10,0-0,0-0,7,2,5,2,2,0,2,4,Alyssa Thomas,16.0
"Feb 02, 2026",@,19.3,20,9-11,0-0,1-1,11,1,10,4,3,1,3,1,Alyssa Thomas,28.5
"Jan 31, 2026",@,9.7,2,1-2,0-0,0-1,7,1,6,1,1,0,2,2,Alyssa Thomas,7.5
"Jan 26, 2026",@,12.0,17,8-11,0-0,1-1,3,0,3,2,0,0,0,1,Alyssa Thomas,20.0
"Jan 24, 2026",@,7.9,6,2-5,0-0,1-1,7,2,5,0,0,0,0,0,Alyssa Thomas,14.0
"Jan 18, 2026",@,15.4,12,4-5,0-0,2-2,11,0,11,3,0,0,3,2,Alyssa Thomas,20.0
"Jan 16, 2026",@,19.1,19,8-10,0-0,2-2,6,1,5,4,0,0,1,1,Alyssa Thomas,24.5
"Jan 12, 2026",@,14.2,10,5-6,0-0,0-1,7,2,5,3,2,1,0,0,Alyssa Thomas,18.0
"Jan 10, 2026",@,19.9,14,7-13,0-0,0-0,9,0,9,9,0,0,1,3,Alyssa Thomas,22.0
"Jan 05, 2026",@,9.8,6,3-6,0-0,0-0,8,1,7,3,0,1,1,2,Alyssa Thomas,13.5
"Feb 09, 2026",@,11.5,8,3-8,0-1,1-1,3,2,1,1,1,0,1,4,Kiki Iriafen,11.0
"Feb 07, 2026",@,13.5,20,7-12,0-1,3-3,7,2,5,2,2,0,2,2,Kiki Iriafen,26.0
"Feb 01, 2026",@,7.5,8,4-8,0-1,0-0,3,1,2,0,0,0,2,1,Kiki Iriafen,9.5
"Jan 30, 2026",@,9.6,14,6-11,0-0,1-2,8,1,7,1,0,0,2,5,Kiki Iriafen,20.5
"Jan 25, 2026",@,8.0,8,2-6,0-0,2-3,1,0,1,0,0,0,3,4,Kiki Iriafen,6.0
"Jan 23, 2026",@,10.2,15,7-13,1-2,0-0,7,4,3,1,1,0,1,2,Kiki Iriafen,23.0
"Jan 18, 2026",@,6.7,4,2-4,0-1,0-1,1,0,1,0,0,0,1,5,Kiki Iriafen,4.0
"Jan 16, 2026",@,10.3,10,4-7,0-1,1-3,2,1,1,0,1,0,0,2,Kiki Iriafen,12.5
"Jan 12, 2026",@,13.4,19,8-19,1-4,1-1,7,3,4,1,0,1,0,3,Kiki Iriafen,27.5
"Jan 10, 2026",@,13.0,15,5-8,0-1,3-6,4,1,3,0,1,0,1,4,Kiki Iriafen,18.5
"Jan 05, 2026",@,9.6,6,1-10,0-0,2-3,8,4,4,2,0,0,0,1,Kiki Iriafen,16.0
"Feb 09, 2026",@,11.1,2,0-4,0-2,1-1,1,0,1,1,1,0,1,1,Tiffany Hayes,2.0
"Feb 07, 2026",@,8.1,7,3-7,1-3,0-0,1,0,1,0,0,0,0,5,Tiffany Hayes,8.0
"Jan 30, 2026",@,15.3,15,6-13,1-5,1-1,6,1,5,2,2,0,1,2,Tiffany Hayes,20.5
"Jan 25, 2026",@,10.5,16,5-9,2-5,2-2,2,2,0,1,0,0,0,5,Tiffany Hayes,19.0
"Jan 23, 2026",@,12.7,12,4-9,3-6,1-1,4,1,3,6,0,0,0,5,Tiffany Hayes,16.5
"Jan 18, 2026",@,15.4,16,3-10,2-6,4-4,3,0,3,2,3,0,1,1,Tiffany Hayes,18.0
"Jan 16, 2026",@,9.2,9,4-8,1-3,0-0,1,0,1,1,1,0,0,0,Tiffany Hayes,10.0
"Jan 12, 2026",@,14.1,8,3-8,1-4,1-1,6,1,5,5,1,0,3,1,Tiffany Hayes,11.5
"Jan 10, 2026",@,5.3,3,1-3,1-3,0-0,2,1,1,4,0,1,0,1,Tiffany Hayes,5.5
"Jan 05, 2026",@,16.4,20,8-14,2-5,1-1,3,1,2,2,2,2,1,4,Tiffany Hayes,22.5
"Feb 06, 2026",@,11.0,6,3-6,0-2,0-2,5,0,5,2,0,1,0,2,Cameron Brink,11.0
"Jan 30, 2026",@,14.8,13,6-12,0-2,1-2,9,2,7,1,0,2,2,2,Cameron Brink,21.0
"Jan 26, 2026",@,13.1,11,4-10,1-4,1-2,6,1,5,1,0,4,3,3,Cameron Brink,14.5
"Jan 24, 2026",@,11.5,12,2-4,0-1,4-4,6,2,4,0,0,1,2,4,Cameron Brink,17.0
"Jan 19, 2026",@,13.5,18,6-12,1-2,2-3,6,2,4,1,0,1,2,4,Cameron Brink,23.0
"Jan 17, 2026",@,10.0,7,2-7,1-3,1-1,4,2,2,1,0,2,2,3,Cameron Brink,10.0
"Jan 11, 2026",@,11.3,12,4-6,2-3,1-1,6,1,5,2,0,1,1,5,Cameron Brink,17.5
"Jan 09, 2026",@,9.5,14,5-8,0-2,2-2,5,1,4,1,1,0,2,3,Cameron Brink,17.5
"Jan 05, 2026",@,7.0,4,2-5,0-0,0-0,6,2,4,0,0,2,2,5,Cameron Brink,9.0
"Jan 30, 2026",@,3.1,1,0-3,0-1,1-1,2,0,2,0,0,0,1,0,Azura Stevens,2.0
"Jan 25, 2026",@,7.8,8,3-8,0-2,1-1,9,4,5,2,0,0,1,4,Azura Stevens,18.0
"Jan 23, 2026",@,5.7,0,0-1,0-1,0-0,1,0,1,1,0,0,1,0,Azura Stevens,0.0
"Jan 18, 2026",@,13.3,9,4-9,1-2,0-0,6,2,4,3,1,0,0,2,Azura Stevens,16.0
"Jan 16, 2026",@,18.1,17,8-13,1-3,0-0,9,2,7,1,1,1,2,3,Azura Stevens,25.0
"Jan 11, 2026",@,10.3,12,4-14,2-7,1-1,6,1,5,2,0,0,0,0,Azura Stevens,18.5
"Jan 09, 2026",@,15.1,13,4-11,1-4,2-2,7,2,5,3,0,2,0,3,Azura Stevens,21.0
"Jan 05, 2026",@,10.6,19,7-18,2-6,2-2,10,3,7,0,0,0,0,0,Azura Stevens,30.5
"Feb 09, 2026",@,15.0,16,5-9,3-4,2-3,6,3,3,7,2,0,0,2,Veronica Burton,23.5
"Feb 07, 2026",@,14.8,15,4-8,1-3,3-3,3,2,1,2,0,0,0,3,Veronica Burton,19.0
"Feb 02, 2026",@,16.2,11,4-11,2-7,1-1,5,2,3,3,1,0,1,2,Veronica Burton,16.0
"Jan 31, 2026",@,15.1,6,3-9,0-2,0-1,3,1,2,6,2,1,0,2,Veronica Burton,9.5
"Jan 25, 2026",@,16.2,4,2-8,0-3,0-1,7,1,6,3,2,1,1,0,Veronica Burton,10.5
"Jan 23, 2026",@,16.4,15,4-9,3-6,2-2,4,2,2,6,0,0,0,4,Veronica Burton,20.0
"Jan 19, 2026",@,16.2,4,2-5,0-2,0-2,7,3,4,4,2,0,0,3,Veronica Burton,12.5
"Jan 17, 2026",@,10.3,5,2-5,1-2,0-0,3,1,2,2,4,0,0,4,Veronica Burton,8.5
"Jan 12, 2026",@,12.9,6,3-10,0-4,0-0,2,0,2,0,2,0,1,1,Veronica Burton,7.0
"Jan 10, 2026",@,16.1,11,4-8,0-2,2-2,7,2,5,3,2,1,0,3,Veronica Burton,19.0
"Jan 05, 2026",@,13.9,14,4-10,1-2,3-3,8,2,6,6,3,2,3,2,Veronica Burton,20.0
"Feb 06, 2026",@,13.3,17,5-9,1-3,3-5,11,4,7,3,1,1,0,1,Naz Hillmon,30.0
"Feb 02, 2026",@,12.9,9,4-8,1-5,0-1,8,2,6,0,1,1,1,2,Naz Hillmon,17.0
"Jan 31, 2026",@,15.2,10,4-10,2-7,0-0,3,2,1,0,4,0,0,0,Naz Hillmon,14.0
"Jan 26, 2026",@,18.1,15,5-14,3-9,1-3,11,3,8,1,0,0,1,1,Naz Hillmon,26.5
"Jan 24, 2026",@,16.2,16,6-11,1-2,2-3,13,4,9,1,1,0,4,1,Naz Hillmon,27.0
"Jan 18, 2026",@,8.7,6,2-4,0-2,1-2,4,0,4,0,0,1,3,2,Naz Hillmon,7.0
"Jan 16, 2026",@,11.3,7,2-3,1-2,1-1,7,0,7,0,0,1,0,2,Naz Hillmon,14.0
"Jan 12, 2026",@,9.4,4,2-8,0-5,0-0,1,0,1,2,0,0,1,5,Naz Hillmon,4.0
"Jan 10, 2026",@,10.2,9,3-7,1-5,1-1,4,1,3,1,0,0,1,2,Naz Hillmon,12.5
"Jan 05, 2026",@,13.0,4,2-3,0-0,0-0,8,2,6,1,0,0,2,1,Naz Hillmon,11.0
"Feb 09, 2026",@,12.2,3,1-5,1-3,0-0,0,0,0,3,2,0,3,4,Natasha Cloud,0.0
"Feb 07, 2026",@,11.9,10,3-8,2-5,1-1,3,1,2,0,0,1,1,5,Natasha Cloud,12.5
"Feb 01, 2026",@,18.9,10,4-13,0-4,1-1,5,1,4,5,0,1,1,0,Natasha Cloud,14.5
"Jan 30, 2026",@,14.4,2,0-5,0-0,1-1,2,1,1,4,1,0,1,1,Natasha Cloud,3.5
"Jan 25, 2026",@,19.9,16,7-11,2-4,0-0,2,0,2,6,0,0,1,1,Natasha Cloud,17.0
"Jan 23, 2026",@,19.4,12,5-8,2-5,0-0,4,0,4,3,0,0,0,3,Natasha Cloud,16.0
"Jan 18, 2026",@,13.4,9,2-5,1-2,2-2,6,0,6,1,0,0,0,5,Natasha Cloud,15.0
"Jan 16, 2026",@,17.1,8,3-7,2-6,0-0,3,0,3,6,1,0,3,4,Natasha Cloud,8.0
"Jan 12, 2026",@,17.8,9,4-9,1-5,0-0,8,1,7,7,1,0,3,3,Natasha Cloud,14.5
"Jan 10, 2026",@,15.1,17,6-11,5-7,0-1,6,0,6,3,1,0,0,3,Natasha Cloud,23.0
"Jan 05, 2026",@,16.8,6,2-5,2-3,0-0,4,0,4,4,0,1,2,4,Natasha Cloud,8.0
"Feb 09, 2026",@,11.7,13,6-15,0-2,1-1,5,2,3,2,0,0,0,2,Rae Burrell,19.0
"Feb 07, 2026",@,16.1,3,1-4,1-2,0-0,4,0,4,2,1,1,1,2,Rae Burrell,6.0
"Feb 02, 2026",@,14.9,18,6-14,2-3,2-2,3,1,2,3,3,1,0,3,Rae Burrell,21.5
"Jan 31, 2026",@,12.9,22,8-13,2-5,2-2,1,0,1,2,5,0,3,0,Rae Burrell,20.0
"Jan 25, 2026",@,13.3,12,5-12,0-4,1-1,4,0,4,3,0,0,0,2,Rae Burrell,16.0
"Jan 23, 2026",@,2.5,0,0-2,0-0,0-0,0,0,0,0,0,0,0,0,Rae Burrell,0.0
"Jan 19, 2026",@,4.3,3,0-1,0-0,2-2,2,0,2,0,1,0,2,1,Rae Burrell,3.0
"Jan 17, 2026",@,7.4,2,1-6,0-2,0-0,3,1,2,2,0,0,1,0,Rae Burrell,4.5
"Jan 11, 2026",@,7.9,14,5-7,2-2,1-1,2,0,2,3,0,0,0,1,Rae Burrell,16.0
"Jan 09, 2026",@,13.0,13,5-12,1-2,1-2,8,3,5,3,2,0,1,3,Rae Burrell,21.5
"Jan 05, 2026",@,9.0,2,1-2,0-1,0-0,3,2,1,1,1,1,1,1,Rae Burrell,5.0
"Feb 06, 2026",@,10.2,12,6-11,0-3,0-0,0,0,0,0,0,0,1,0,Maddy Siegrist,11.0
"Feb 02, 2026",@,10.7,10,4-11,2-5,0-0,4,2,2,0,1,0,2,2,Maddy Siegrist,13.0
"Jan 31, 2026",@,11.3,10,4-9,2-5,0-0,5,0,5,1,0,0,0,3,Maddy Siegrist,15.0
"Jan 24, 2026",@,11.9,16,7-9,0-1,1-1,5,2,3,0,0,0,2,2,Maddy Siegrist,20.0
"Jan 18, 2026",@,6.5,0,0-4,0-1,0-0,6,0,6,2,0,0,0,2,Maddy Siegrist,6.0
"Jan 16, 2026",@,6.0,4,2-4,0-1,0-0,0,0,0,0,0,0,2,2,Maddy Siegrist,2.0
"Jan 12, 2026",@,9.6,13,5-9,3-5,0-0,3,2,1,0,1,0,0,3,Maddy Siegrist,17.0
"Jan 10, 2026",@,8.1,13,4-7,1-1,2-3,4,1,3,0,0,0,1,3,Maddy Siegrist,16.5
"Jan 05, 2026",@,10.0,6,3-6,0-2,0-1,5,1,4,0,2,0,0,1,Maddy Siegrist,11.5
"Jan 26, 2026",@,8.6,7,3-6,1-3,0-1,6,0,6,1,1,0,0,4,Ezi Magbegor,13.0
"Jan 24, 2026",@,13.9,7,3-7,0-1,1-1,6,0,6,1,0,2,1,4,Ezi Magbegor,12.0
"Jan 18, 2026",@,11.6,10,5-7,0-0,0-0,2,0,2,0,0,1,2,2,Ezi Magbegor,10.0
"Jan 16, 2026",@,14.8,12,6-11,0-2,0-0,8,2,6,1,2,0,2,1,Ezi Magbegor,19.0
"Jan 11, 2026",@,11.7,12,6-9,0-1,0-0,8,1,7,1,0,0,0,4,Ezi Magbegor,20.5
"Jan 09, 2026",@,8.9,10,4-10,0-1,1-1,6,1,5,1,0,0,1,4,Ezi Magbegor,15.5
"Jan 05, 2026",@,12.3,6,3-9,0-2,0-0,8,1,7,3,1,4,2,3,Ezi Magbegor,12.5
"Feb 09, 2026",@,13.9,10,4-8,0-0,1-1,5,0,5,0,1,4,1,0,Brittney Griner,14.0
"Feb 07, 2026",@,8.3,9,4-4,0-0,1-1,6,0,6,0,0,1,3,1,Brittney Griner,12.0
"Feb 02, 2026",@,8.6,10,3-6,0-0,2-2,6,2,4,0,0,2,1,1,Brittney Griner,16.0
"Jan 31, 2026",@,11.5,16,6-7,0-0,2-2,5,0,5,0,1,0,2,0,Brittney Griner,19.0
"Jan 25, 2026",@,2.5,6,3-3,0-0,0-1,0,0,0,0,0,0,0,1,Brittney Griner,6.0
"Jan 23, 2026",@,9.4,12,4-6,0-0,2-2,6,0,6,0,0,2,2,5,Brittney Griner,16.0
"Jan 19, 2026",@,6.4,5,1-3,0-0,2-2,4,2,2,0,0,0,3,3,Brittney Griner,7.0
"Jan 17, 2026",@,10.4,17,6-10,0-0,3-3,7,4,3,0,0,2,1,3,Brittney Griner,25.0
"Jan 11, 2026",@,2.3,2,1-1,0-0,0-0,1,0,1,0,0,0,1,1,Brittney Griner,2.0
"Jan 05, 2026",@,2.4,2,1-2,0-1,0-1,1,0,1,0,0,0,0,0,Brittney Griner,3.0
"Jan 31, 2026",@,13.3,14,6-10,0-1,1-2,2,0,2,5,0,1,1,4,Jordin Canada,15.0
"Jan 26, 2026",@,13.7,10,5-12,0-2,0-1,7,0,7,5,3,0,2,5,Jordin Canada,15.0
"Jan 24, 2026",@,9.4,6,2-7,0-1,1-1,3,0,3,5,0,0,0,1,Jordin Canada,9.0
"Jan 18, 2026",@,7.6,5,2-6,1-4,0-0,4,1,3,2,1,1,0,0,Jordin Canada,9.5
"Jan 16, 2026",@,7.8,12,2-7,2-3,3-3,6,1,5,4,0,0,1,2,Jordin Canada,17.5
"Jan 12, 2026",@,9.4,10,3-12,1-6,2-2,7,0,7,2,1,0,0,2,Jordin Canada,17.0
"Jan 10, 2026",@,8.2,4,2-6,0-2,0-0,5,1,4,4,0,0,0,5,Jordin Canada,9.5
"Jan 05, 2026",@,10.3,8,3-10,2-4,0-0,2,0,2,2,2,0,2,1,Jordin Canada,8.0
"Feb 09, 2026",@,11.7,9,4-7,1-2,0-0,3,1,2,4,0,0,2,6,Erica Wheeler,10.5
"Feb 07, 2026",@,17.5,17,7-15,1-4,1-1,0,0,0,4,3,0,1,4,Erica Wheeler,16.0
"Feb 02, 2026",@,12.9,14,6-9,2-2,0-0,7,0,7,2,0,0,2,0,Erica Wheeler,19.0
"Jan 31, 2026",@,3.2,0,0-0,0-0,0-0,0,0,0,0,0,0,2,1,Erica Wheeler,-2.0
"Jan 25, 2026",@,11.1,16,6-10,2-4,1-1,6,1,5,4,0,0,1,3,Erica Wheeler,21.5
"Jan 23, 2026",@,14.9,7,2-6,1-3,1-1,5,1,4,5,0,0,2,2,Erica Wheeler,10.5
"Jan 19, 2026",@,8.5,7,3-7,0-2,1-1,1,0,1,1,0,0,0,3,Erica Wheeler,8.0
"Jan 17, 2026",@,7.0,5,2-5,1-1,0-0,3,2,1,5,0,0,0,0,Erica Wheeler,9.0
"Jan 11, 2026",@,9.4,3,1-5,1-3,0-0,3,1,2,3,0,0,0,2,Erica Wheeler,6.5
"Jan 09, 2026",@,8.3,3,1-6,1-3,0-0,1,0,1,1,0,0,0,0,Erica Wheeler,4.0
"Jan 05, 2026",@,11.8,12,4-10,2-6,1-2,5,1,4,2,3,0,2,1,Erica Wheeler,15.5
"Feb 07, 2026",@,4.0,0,0-3,0-0,0-0,0,0,0,0,0,0,1,1,Courtney Williams,-1.0
"Feb 02, 2026",@,9.0,8,4-10,0-1,0-0,2,0,2,0,1,0,1,1,Courtney Williams,9.0
"Jan 31, 2026",@,12.2,9,4-13,1-3,0-0,8,2,6,6,0,0,1,3,Courtney Williams,17.0
"Jan 25, 2026",@,10.2,7,3-8,1-4,0-0,6,1,5,4,1,0,3,2,Courtney Williams,10.5
"Jan 23, 2026",@,10.9,4,2-6,0-0,0-0,4,0,4,3,0,0,0,1,Courtney Williams,8.0
"Jan 19, 2026",@,15.7,14,7-10,0-1,0-0,5,0,5,4,0,0,2,1,Courtney Williams,17.0
"Jan 17, 2026",@,16.3,6,3-11,0-1,0-0,6,1,5,7,1,0,0,3,Courtney Williams,12.5
"Jan 11, 2026",@,15.1,12,5-8,2-3,0-0,8,0,8,7,0,0,3,1,Courtney Williams,17.0
"Jan 09, 2026",@,10.8,4,2-7,0-0,0-1,5,1,4,6,0,0,1,2,Courtney Williams,8.5
"Jan 05, 2026",@,11.3,8,4-9,0-1,0-0,5,0,5,3,0,1,2,6,Courtney Williams,11.0
"Feb 09, 2026",@,5.8,4,2-2,0-0,0-0,4,0,4,3,0,0,2,2,Alanna Smith,6.0
"Feb 07, 2026",@,9.4,11,4-7,1-3,1-2,4,1,3,1,1,1,2,2,Alanna Smith,13.5
"Feb 02, 2026",@,11.5,11,5-7,1-1,0-0,8,3,5,1,1,0,2,3,Alanna Smith,18.5
"Jan 31, 2026",@,9.9,13,6-9,0-0,1-1,11,3,8,1,0,0,0,2,Alanna Smith,25.5
"Jan 25, 2026",@,8.8,4,2-4,0-0,0-0,3,0,3,0,1,0,1,3,Alanna Smith,6.0
"Jan 23, 2026",@,8.4,4,2-4,0-2,0-1,7,2,5,0,1,0,1,1,Alanna Smith,11.0
"Jan 19, 2026",@,4.6,2,0-2,0-0,1-1,1,0,1,1,0,0,1,4,Alanna Smith,2.0
"Jan 17, 2026",@,5.9,8,3-9,0-5,1-1,3,1,2,0,0,0,0,2,Alanna Smith,11.5
"Jan 12, 2026",@,5.2,0,0-1,0-1,0-1,2,0,2,0,0,0,1,2,Alanna Smith,1.0
"Jan 10, 2026",@,10.3,8,4-6,0-1,0-2,5,1,4,0,0,1,0,3,Alanna Smith,13.5
"Jan 05, 2026",@,11.5,10,5-10,0-1,0-0,6,1,5,1,0,5,1,2,Alanna Smith,15.5
"Feb 06, 2026",@,13.0,11,5-8,1-3,0-0,1,0,1,0,0,0,0,2,Kate Martin,12.0
"Feb 01, 2026",@,6.3,7,2-2,1-1,1-1,4,0,4,0,0,1,0,2,Kate Martin,11.0
"Jan 30, 2026",@,9.7,2,1-6,0-3,0-0,2,0,2,0,0,0,2,2,Kate Martin,2.0
"Jan 26, 2026",@,17.6,10,4-12,2-8,0-0,5,1,4,5,1,0,2,2,Kate Martin,13.5
"Jan 24, 2026",@,6.3,4,2-4,0-1,0-0,1,0,1,0,0,0,1,4,Kate Martin,4.0
"Jan 19, 2026",@,12.0,2,0-4,0-1,1-1,9,2,7,1,0,0,2,4,Kate Martin,10.0
"Jan 17, 2026",@,10.6,8,4-8,0-2,0-0,3,1,2,2,1,1,1,2,Kate Martin,10.5
"Jan 11, 2026",@,6.6,2,1-3,0-1,0-0,5,2,3,0,0,0,1,1,Kate Martin,7.0
"Jan 09, 2026",@,11.8,12,4-9,1-6,1-3,3,0,3,1,0,0,1,0,Kate Martin,14.0
"Jan 05, 2026",@,6.8,8,4-7,0-2,0-0,3,1,2,0,0,0,0,1,Kate Martin,11.5
"Feb 09, 2026",@,4.2,5,2-2,1-1,0-0,0,0,0,0,0,1,1,2,Saniya Rivers,4.0
"Feb 06, 2026",@,10.0,8,3-11,0-3,1-1,4,2,2,2,1,0,0,4,Saniya Rivers,13.0
"Feb 02, 2026",@,10.0,0,0-3,0-1,0-0,2,0,2,2,2,0,3,2,Saniya Rivers,-1.0
"Jan 31, 2026",@,12.6,10,3-12,1-3,2-2,1,0,1,2,2,1,1,3,Saniya Rivers,10.0
"Jan 24, 2026",@,4.2,0,0-3,0-1,0-0,0,0,0,0,0,0,0,0,Saniya Rivers,0.0
"Jan 18, 2026",@,8.5,2,1-6,0-1,0-0,2,0,2,1,0,0,1,4,Saniya Rivers,3.0
"Jan 16, 2026",@,11.8,14,6-12,2-3,0-0,8,1,7,0,0,2,3,2,Saniya Rivers,19.5
"Jan 11, 2026",@,9.0,2,1-5,0-2,0-1,0,0,0,0,1,1,1,0,Saniya Rivers,1.0
"Jan 09, 2026",@,14.3,12,5-12,0-3,1-2,7,1,6,3,2,6,2,0,Saniya Rivers,17.5
"Jan 05, 2026",@,6.2,4,2-6,0-2,0-0,2,0,2,1,2,1,0,1,Saniya Rivers,6.0
"Feb 06, 2026",@,6.3,8,3-6,2-3,0-0,1,0,1,0,0,0,0,1,Natisha Hiedeman,9.0
"Feb 02, 2026",@,8.2,0,0-4,0-0,0-0,1,0,1,1,0,0,0,3,Natisha Hiedeman,1.0
"Jan 31, 2026",@,7.5,3,1-4,1-4,0-1,2,0,2,1,1,1,2,3,Natisha Hiedeman,3.0
"Jan 26, 2026",@,10.8,20,7-13,4-7,1-1,3,0,3,1,0,0,0,2,Natisha Hiedeman,23.0
"Jan 24, 2026",@,10.3,11,4-10,1-4,1-1,1,0,1,2,0,0,2,1,Natisha Hiedeman,10.0
"Jan 18, 2026",@,4.5,0,0-2,0-1,0-0,1,1,0,0,0,0,0,1,Natisha Hiedeman,1.5
"Jan 16, 2026",@,9.7,2,1-7,0-4,0-0,2,1,1,4,0,0,0,3,Natisha Hiedeman,4.5
"Jan 11, 2026",@,5.7,3,1-4,1-2,0-1,0,0,0,2,0,0,1,1,Natisha Hiedeman,2.0
"Jan 09, 2026",@,7.2,0,0-4,0-0,0-0,3,1,2,1,0,0,0,3,Natisha Hiedeman,3.5
"Jan 05, 2026",@,10.6,9,4-7,1-3,0-0,4,0,4,1,1,0,1,2,Natisha Hiedeman,12.0
"Feb 06, 2026",@,4.5,5,2-3,1-1,0-0,1,1,0,1,0,0,0,0,Temi Fagbenle,6.5
"Feb 01, 2026",@,20.1,10,5-13,0-1,0-0,9,3,6,2,2,1,0,3,Temi Fagbenle,20.5
"Jan 30, 2026",@,19.3,15,7-11,1-2,0-1,12,0,12,1,0,1,3,6,Temi Fagbenle,24.0
"Jan 26, 2026",@,5.1,2,1-4,0-1,0-0,4,0,4,1,0,0,0,1,Temi Fagbenle,6.0
"Jan 24, 2026",@,4.2,4,2-3,0-0,0-0,2,1,1,0,0,0,1,2,Temi Fagbenle,5.5
"Jan 19, 2026",@,2.6,2,1-1,0-0,0-0,0,0,0,0,1,0,1,2,Temi Fagbenle,1.0
"Jan 17, 2026",@,5.2,2,1-1,0-0,0-1,2,0,2,0,2,1,1,1,Temi Fagbenle,3.0
"Jan 12, 2026",@,4.6,2,1-1,0-0,0-0,1,0,1,0,0,0,0,0,Temi Fagbenle,3.0
"Jan 10, 2026",@,12.8,8,4-9,0-2,0-1,7,3,4,0,1,1,0,3,Temi Fagbenle,16.5
"Jan 05, 2026",@,9.3,4,1-1,0-0,1-2,9,4,5,1,0,0,4,3,Temi Fagbenle,11.0
"Feb 01, 2026",@,7.2,9,4-7,1-3,0-0,1,1,0,0,0,0,0,2,Sug Sutton,10.5
"Jan 30, 2026",@,1.5,0,0-2,0-2,0-0,0,0,0,0,0,0,0,1,Sug Sutton,0.0
"Jan 23, 2026",@,8.2,4,2-4,0-2,0-0,1,0,1,2,1,0,0,4,Sug Sutton,5.0
"Jan 18, 2026",@,5.2,8,3-3,2-2,0-0,3,0,3,0,0,0,0,4,Sug Sutton,11.0
"Jan 16, 2026",@,5.6,4,2-4,0-2,0-0,1,0,1,0,0,0,1,0,Sug Sutton,4.0
"Jan 11, 2026",@,10.1,0,0-3,0-1,0-0,1,0,1,5,0,0,0,2,Sug Sutton,1.0
"Jan 09, 2026",@,7.9,10,3-6,2-4,1-1,1,0,1,1,0,0,1,3,Sug Sutton,10.0
"Jan 05, 2026",@,12.8,7,3-12,1-7,0-0,0,0,0,4,5,0,0,2,Sug Sutton,7.0
"Feb 01, 2026",@,7.8,5,2-7,1-5,0-0,2,1,1,0,0,0,1,1,Dana Evans,6.5
"Feb 09, 2026",@,8.2,9,4-8,1-2,0-0,1,0,1,1,0,0,1,3,Haley Jones,9.0
"Feb 07, 2026",@,1.2,2,1-1,0-0,0-0,0,0,0,0,0,0,0,0,Haley Jones,2.0
"Feb 01, 2026",@,9.2,4,2-5,0-0,0-0,3,1,2,3,0,1,0,2,Haley Jones,7.5
"Feb 09, 2026",@,9.1,6,3-8,0-1,0-0,4,1,3,1,0,1,0,2,Li Yueru,10.5
"Feb 07, 2026",@,3.7,4,2-4,0-2,0-0,4,4,0,0,0,0,0,1,Li Yueru,10.0
"Feb 02, 2026",@,2.9,0,0-1,0-1,0-0,1,0,1,0,0,0,1,1,Li Yueru,0.0
"Jan 31, 2026",@,7.8,9,3-4,1-1,1-1,2,0,2,0,1,0,1,0,Li Yueru,10.0
"Jan 25, 2026",@,2.0,2,0-1,0-1,1-1,2,0,2,0,0,0,0,0,Li Yueru,4.0
"Jan 23, 2026",@,6.1,2,1-2,0-1,0-0,2,0,2,1,0,1,0,2,Li Yueru,4.0
"Jan 19, 2026",@,2.9,0,0-1,0-0,0-0,1,0,1,0,0,0,1,3,Li Yueru,0.0
"Jan 17, 2026",@,4.0,13,4-5,1-1,2-2,4,1,3,0,0,0,0,1,Li Yueru,17.5
"Jan 12, 2026",@,12.7,6,3-6,0-1,0-0,7,1,6,1,1,0,0,3,Li Yueru,13.5
"Jan 10, 2026",@,6.5,6,3-7,0-2,0-0,3,2,1,0,0,0,0,0,Li Yueru,10.0
"Jan 05, 2026",@,6.8,3,1-5,0-1,1-1,4,1,3,0,0,1,0,2,Li Yueru,7.5
"Feb 09, 2026",@,8.8,7,3-7,1-3,0-0,2,1,1,0,1,0,1,3,Lexie Hull,8.5
"Feb 07, 2026",@,11.0,0,0-2,0-1,0-0,2,1,1,0,0,0,3,1,Lexie Hull,-0.5
"Feb 01, 2026",@,8.1,0,0-2,0-0,0-0,2,0,2,0,0,0,2,4,Lexie Hull,0.0
"Jan 30, 2026",@,6.3,3,1-3,1-2,0-0,1,1,0,0,0,0,1,1,Lexie Hull,3.5
"Jan 25, 2026",@,6.1,2,1-5,0-1,0-0,3,0,3,0,1,0,0,2,Lexie Hull,5.0
"Jan 18, 2026",@,10.5,6,2-5,0-1,1-1,5,3,2,0,3,0,1,2,Lexie Hull,11.5
"Jan 16, 2026",@,8.6,3,1-6,1-2,0-0,1,0,1,0,0,1,1,2,Lexie Hull,3.0
"Jan 11, 2026",@,16.3,7,3-8,1-6,0-0,5,2,3,4,4,0,0,0,Lexie Hull,13.0
"Jan 09, 2026",@,11.8,9,2-7,1-4,2-2,6,2,4,1,1,1,1,2,Lexie Hull,15.0
"Jan 05, 2026",@,12.6,7,3-8,1-5,0-0,4,2,2,0,2,0,1,4,Lexie Hull,11.0
"Feb 01, 2026",@,8.5,0,0-4,0-1,0-1,6,1,5,1,0,0,0,4,Rebecca Allen,6.5
"Jan 30, 2026",@,11.0,4,2-3,0-0,0-0,4,0,4,2,0,0,0,3,Rebecca Allen,8.0
"Jan 26, 2026",@,8.0,0,0-0,0-0,0-0,3,1,2,1,1,0,1,5,Rebecca Allen,2.5
"Jan 24, 2026",@,14.0,3,1-5,1-2,0-0,1,1,0,0,1,2,3,4,Rebecca Allen,1.5
"Jan 19, 2026",@,11.0,10,4-8,2-6,0-0,2,2,0,0,0,2,0,4,Rebecca Allen,13.0
"Jan 17, 2026",@,16.1,9,4-9,1-3,0-0,5,0,5,2,0,1,4,4,Rebecca Allen,10.0
"Jan 12, 2026",@,15.9,3,1-5,1-3,0-0,6,1,5,3,1,2,3,5,Rebecca Allen,6.5
"Jan 10, 2026",@,8.2,2,1-4,0-2,0-0,0,0,0,2,0,0,0,2,Rebecca Allen,2.0
"Jan 05, 2026",@,14.2,6,2-5,2-3,0-0,4,0,4,1,0,1,2,3,Rebecca Allen,8.0
"Feb 06, 2026",@,19.0,12,4-11,4-10,0-0,2,0,2,2,1,0,1,6,Rachel Banham,13.0
"Feb 01, 2026",@,4.0,3,1-3,1-3,0-0,2,1,1,1,0,0,0,2,Rachel Banham,5.5
"Jan 30, 2026",@,3.8,3,1-3,1-3,0-0,0,0,0,0,0,0,1,1,Rachel Banham,2.0
"Jan 26, 2026",@,2.9,3,1-3,1-2,0-0,1,0,1,0,0,0,0,2,Rachel Banham,4.0
"Jan 24, 2026",@,3.2,3,1-1,1-1,0-0,1,0,1,0,0,0,0,1,Rachel Banham,4.0
"Jan 19, 2026",@,2.3,3,1-2,1-2,0-0,1,0,1,0,0,0,0,2,Rachel Banham,4.0
"Jan 17, 2026",@,1.2,0,0-0,0-0,0-0,1,0,1,0,0,0,0,1,Rachel Banham,1.0
"Jan 12, 2026",@,7.3,3,1-4,1-4,0-0,4,0,4,3,0,0,0,3,Rachel Banham,7.0
"Jan 10, 2026",@,8.7,5,2-5,1-4,0-0,2,0,2,0,0,0,1,4,Rachel Banham,6.0
"Jan 05, 2026",@,8.0,6,2-3,2-3,0-1,1,0,1,0,0,0,2,1,Rachel Banham,5.0
"Jan 05, 2026",@,6.4,2,0-4,0-1,1-3,1,1,0,0,0,0,0,2,Aari Mcdonald,3.5
